,pesticide,genotype,rep,dose,alive,dead,total,percent_survival,percent_mortality,stage,date,conditions
1,nitenpyram,wxac,1,0.2,45,5,50,0.9,0.1,L1,7.3.16,25d_Hoff
2,nitenpyram,wxac,2,0.2,41,9,50,0.82,0.18,L1,7.3.16,25d_Hoff
3,nitenpyram,wxac,3,0.2,40,10,50,0.8,0.2,L1,7.3.16,25d_Hoff
4,nitenpyram,wxac,4,0.2,45,5,50,0.9,0.1,L1,7.3.16,25d_Hoff
5,nitenpyram,wxac,5,0.2,42,8,50,0.84,0.16,L1,7.3.16,25d_Hoff
6,nitenpyram,mdr49ko,1,0.2,29,21,50,0.58,0.42,L1,7.3.16,25d_Hoff
7,nitenpyram,mdr49ko,2,0.2,44,6,50,0.88,0.12,L1,7.3.16,25d_Hoff
8,nitenpyram,mdr49ko,3,0.2,41,9,50,0.82,0.18,L1,7.3.16,25d_Hoff
9,nitenpyram,mdr49ko,4,0.2,44,6,50,0.88,0.12,L1,7.3.16,25d_Hoff
10,nitenpyram,mdr49ko,5,0.2,39,11,50,0.78,0.22,L1,7.3.16,25d_Hoff
11,nitenpyram,mdr50ko,1,0.2,35,15,50,0.7,0.3,L1,7.3.16,25d_Hoff
12,nitenpyram,mdr50ko,2,0.2,42,8,50,0.84,0.16,L1,7.3.16,25d_Hoff
13,nitenpyram,mdr50ko,3,0.2,42,8,50,0.84,0.16,L1,7.3.16,25d_Hoff
14,nitenpyram,mdr50ko,4,0.2,37,13,50,0.74,0.26,L1,7.3.16,25d_Hoff
15,nitenpyram,mdr50ko,5,0.2,42,8,50,0.84,0.16,L1,7.3.16,25d_Hoff
16,nitenpyram,mdr65ko,1,0.2,37,13,50,0.74,0.26,L1,7.3.16,25d_Hoff
17,nitenpyram,mdr65ko,2,0.2,29,21,50,0.58,0.42,L1,7.3.16,25d_Hoff
18,nitenpyram,mdr65ko,3,0.2,35,15,50,0.7,0.3,L1,7.3.16,25d_Hoff
19,nitenpyram,mdr65ko,4,0.2,37,13,50,0.74,0.26,L1,7.3.16,25d_Hoff
20,nitenpyram,mdr65ko,5,0.2,35,15,50,0.7,0.3,L1,7.3.16,25d_Hoff
21,nitenpyram,wxac,1,0.6,37,13,50,0.74,0.26,L1,7.3.16,25d_Hoff
22,nitenpyram,wxac,2,0.6,45,5,50,0.9,0.1,L1,7.3.16,25d_Hoff
23,nitenpyram,wxac,3,0.6,40,10,50,0.8,0.2,L1,7.3.16,25d_Hoff
24,nitenpyram,wxac,4,0.6,41,9,50,0.82,0.18,L1,7.3.16,25d_Hoff
25,nitenpyram,wxac,5,0.6,39,11,50,0.78,0.22,L1,7.3.16,25d_Hoff
26,nitenpyram,mdr49ko,1,0.6,27,23,50,0.54,0.46,L1,7.3.16,25d_Hoff
27,nitenpyram,mdr49ko,2,0.6,40,10,50,0.8,0.2,L1,7.3.16,25d_Hoff
28,nitenpyram,mdr49ko,3,0.6,35,15,50,0.7,0.3,L1,7.3.16,25d_Hoff
29,nitenpyram,mdr49ko,4,0.6,44,6,50,0.88,0.12,L1,7.3.16,25d_Hoff
30,nitenpyram,mdr49ko,5,0.6,36,14,50,0.72,0.28,L1,7.3.16,25d_Hoff
31,nitenpyram,mdr50ko,1,0.6,31,19,50,0.62,0.38,L1,7.3.16,25d_Hoff
32,nitenpyram,mdr50ko,2,0.6,36,14,50,0.72,0.28,L1,7.3.16,25d_Hoff
33,nitenpyram,mdr50ko,3,0.6,37,13,50,0.74,0.26,L1,7.3.16,25d_Hoff
34,nitenpyram,mdr50ko,4,0.6,38,12,50,0.76,0.24,L1,7.3.16,25d_Hoff
35,nitenpyram,mdr50ko,5,0.6,34,16,50,0.68,0.32,L1,7.3.16,25d_Hoff
36,nitenpyram,mdr65ko,1,0.6,0,50,50,0,1,L1,7.3.16,25d_Hoff
37,nitenpyram,mdr65ko,2,0.6,0,50,50,0,1,L1,7.3.16,25d_Hoff
38,nitenpyram,mdr65ko,3,0.6,0,50,50,0,1,L1,7.3.16,25d_Hoff
39,nitenpyram,mdr65ko,4,0.6,0,50,50,0,1,L1,7.3.16,25d_Hoff
40,nitenpyram,mdr65ko,5,0.6,0,50,50,0,1,L1,7.3.16,25d_Hoff
41,nitenpyram,wxac,1,1,21,29,50,0.42,0.58,L1,7.3.16,25d_Hoff
42,nitenpyram,wxac,2,1,26,24,50,0.52,0.48,L1,7.3.16,25d_Hoff
43,nitenpyram,wxac,3,1,25,25,50,0.5,0.5,L1,7.3.16,25d_Hoff
44,nitenpyram,wxac,4,1,24,26,50,0.48,0.52,L1,7.3.16,25d_Hoff
45,nitenpyram,wxac,5,1,25,25,50,0.5,0.5,L1,7.3.16,25d_Hoff
46,nitenpyram,mdr49ko,1,1,18,32,50,0.36,0.64,L1,7.3.16,25d_Hoff
47,nitenpyram,mdr49ko,2,1,20,30,50,0.4,0.6,L1,7.3.16,25d_Hoff
48,nitenpyram,mdr49ko,3,1,12,38,50,0.24,0.76,L1,7.3.16,25d_Hoff
49,nitenpyram,mdr49ko,4,1,14,36,50,0.28,0.72,L1,7.3.16,25d_Hoff
50,nitenpyram,mdr49ko,5,1,16,34,50,0.32,0.68,L1,7.3.16,25d_Hoff
51,nitenpyram,mdr50ko,1,1,4,46,50,0.08,0.92,L1,7.3.16,25d_Hoff
52,nitenpyram,mdr50ko,2,1,5,45,50,0.1,0.9,L1,7.3.16,25d_Hoff
53,nitenpyram,mdr50ko,3,1,5,45,50,0.1,0.9,L1,7.3.16,25d_Hoff
54,nitenpyram,mdr50ko,4,1,1,49,50,0.02,0.98,L1,7.3.16,25d_Hoff
55,nitenpyram,mdr50ko,5,1,2,48,50,0.04,0.96,L1,7.3.16,25d_Hoff
56,nitenpyram,mdr65ko,1,1,0,50,50,0,1,L1,7.3.16,25d_Hoff
57,nitenpyram,mdr65ko,2,1,0,50,50,0,1,L1,7.3.16,25d_Hoff
58,nitenpyram,mdr65ko,3,1,0,50,50,0,1,L1,7.3.16,25d_Hoff
59,nitenpyram,mdr65ko,4,1,0,50,50,0,1,L1,7.3.16,25d_Hoff
60,nitenpyram,mdr65ko,5,1,0,50,50,0,1,L1,7.3.16,25d_Hoff
61,nitenpyram,wxac,1,0,44,6,50,0.88,0.12,L1,7.3.16,25d_Hoff
62,nitenpyram,wxac,2,0,45,5,50,0.9,0.1,L1,7.3.16,25d_Hoff
63,nitenpyram,wxac,3,0,47,3,50,0.94,0.06,L1,7.3.16,25d_Hoff
64,nitenpyram,wxac,4,0,41,9,50,0.82,0.18,L1,7.3.16,25d_Hoff
65,nitenpyram,wxac,5,0,48,2,50,0.96,0.04,L1,7.3.16,25d_Hoff
66,nitenpyram,mdr49ko,1,0,39,11,50,0.78,0.22,L1,7.3.16,25d_Hoff
67,nitenpyram,mdr49ko,2,0,41,9,50,0.82,0.18,L1,7.3.16,25d_Hoff
68,nitenpyram,mdr49ko,3,0,43,7,50,0.86,0.14,L1,7.3.16,25d_Hoff
69,nitenpyram,mdr49ko,4,0,42,8,50,0.84,0.16,L1,7.3.16,25d_Hoff
70,nitenpyram,mdr49ko,5,0,32,18,50,0.64,0.36,L1,7.3.16,25d_Hoff
71,nitenpyram,mdr50ko,1,0,43,7,50,0.86,0.14,L1,7.3.16,25d_Hoff
72,nitenpyram,mdr50ko,2,0,44,6,50,0.88,0.12,L1,7.3.16,25d_Hoff
73,nitenpyram,mdr50ko,3,0,44,6,50,0.88,0.12,L1,7.3.16,25d_Hoff
74,nitenpyram,mdr50ko,4,0,41,9,50,0.82,0.18,L1,7.3.16,25d_Hoff
75,nitenpyram,mdr50ko,5,0,40,10,50,0.8,0.2,L1,7.3.16,25d_Hoff
76,nitenpyram,mdr65ko,1,0,45,5,50,0.9,0.1,L1,7.3.16,25d_Hoff
77,nitenpyram,mdr65ko,2,0,40,10,50,0.8,0.2,L1,7.3.16,25d_Hoff
78,nitenpyram,mdr65ko,3,0,40,10,50,0.8,0.2,L1,7.3.16,25d_Hoff
79,nitenpyram,mdr65ko,4,0,42,8,50,0.84,0.16,L1,7.3.16,25d_Hoff
80,nitenpyram,mdr65ko,5,0,41,9,50,0.82,0.18,L1,7.3.16,25d_Hoff
81,chlorantraniliprole,wxac,1,0.25,17,33,50,0.34,0.66,L1,7.3.16,25d_Hoff
82,chlorantraniliprole,wxac,2,0.25,14,36,50,0.28,0.72,L1,7.3.16,25d_Hoff
83,chlorantraniliprole,wxac,3,0.25,13,37,50,0.26,0.74,L1,7.3.16,25d_Hoff
84,chlorantraniliprole,wxac,4,0.25,9,41,50,0.18,0.82,L1,7.3.16,25d_Hoff
85,chlorantraniliprole,wxac,5,0.25,19,31,50,0.38,0.62,L1,7.3.16,25d_Hoff
86,chlorantraniliprole,mdr49ko,1,0.25,38,12,50,0.76,0.24,L1,7.3.16,25d_Hoff
87,chlorantraniliprole,mdr49ko,2,0.25,32,18,50,0.64,0.36,L1,7.3.16,25d_Hoff
88,chlorantraniliprole,mdr49ko,3,0.25,42,8,50,0.84,0.16,L1,7.3.16,25d_Hoff
89,chlorantraniliprole,mdr49ko,4,0.25,39,11,50,0.78,0.22,L1,7.3.16,25d_Hoff
90,chlorantraniliprole,mdr49ko,5,0.25,37,13,50,0.74,0.26,L1,7.3.16,25d_Hoff
91,chlorantraniliprole,mdr50ko,1,0.25,23,27,50,0.46,0.54,L1,7.3.16,25d_Hoff
92,chlorantraniliprole,mdr50ko,2,0.25,29,21,50,0.58,0.42,L1,7.3.16,25d_Hoff
93,chlorantraniliprole,mdr50ko,3,0.25,26,24,50,0.52,0.48,L1,7.3.16,25d_Hoff
94,chlorantraniliprole,mdr50ko,4,0.25,29,21,50,0.58,0.42,L1,7.3.16,25d_Hoff
95,chlorantraniliprole,mdr50ko,5,0.25,38,12,50,0.76,0.24,L1,7.3.16,25d_Hoff
96,chlorantraniliprole,mdr65ko,1,0.25,13,37,50,0.26,0.74,L1,7.3.16,25d_Hoff
97,chlorantraniliprole,mdr65ko,2,0.25,9,41,50,0.18,0.82,L1,7.3.16,25d_Hoff
98,chlorantraniliprole,mdr65ko,3,0.25,12,38,50,0.24,0.76,L1,7.3.16,25d_Hoff
99,chlorantraniliprole,mdr65ko,4,0.25,5,45,50,0.1,0.9,L1,7.3.16,25d_Hoff
100,chlorantraniliprole,mdr65ko,5,0.25,3,47,50,0.06,0.94,L1,7.3.16,25d_Hoff
101,chlorantraniliprole,wxac,1,0.5,2,48,50,0,0.96,L1,7.3.16,25d_Hoff
102,chlorantraniliprole,wxac,2,0.5,2,48,50,0,0.96,L1,7.3.16,25d_Hoff
103,chlorantraniliprole,wxac,3,0.5,1,49,50,0,0.98,L1,7.3.16,25d_Hoff
104,chlorantraniliprole,wxac,4,0.5,1,49,50,0,0.98,L1,7.3.16,25d_Hoff
105,chlorantraniliprole,wxac,5,0.5,1,49,50,0,0.98,L1,7.3.16,25d_Hoff
106,chlorantraniliprole,mdr49ko,1,0.5,7,43,50,0,0.86,L1,7.3.16,25d_Hoff
107,chlorantraniliprole,mdr49ko,2,0.5,5,45,50,0,0.9,L1,7.3.16,25d_Hoff
108,chlorantraniliprole,mdr49ko,3,0.5,3,47,50,0,0.94,L1,7.3.16,25d_Hoff
109,chlorantraniliprole,mdr49ko,4,0.5,23,27,50,0,0.54,L1,7.3.16,25d_Hoff
110,chlorantraniliprole,mdr49ko,5,0.5,7,43,50,0,0.86,L1,7.3.16,25d_Hoff
111,chlorantraniliprole,mdr50ko,1,0.5,6,44,50,0,0.88,L1,7.3.16,25d_Hoff
112,chlorantraniliprole,mdr50ko,2,0.5,5,45,50,0,0.9,L1,7.3.16,25d_Hoff
113,chlorantraniliprole,mdr50ko,3,0.5,6,44,50,0,0.88,L1,7.3.16,25d_Hoff
114,chlorantraniliprole,mdr50ko,4,0.5,4,46,50,0,0.92,L1,7.3.16,25d_Hoff
115,chlorantraniliprole,mdr50ko,5,0.5,5,45,50,0,0.9,L1,7.3.16,25d_Hoff
116,chlorantraniliprole,mdr65ko,1,0.5,2,48,50,0,0.96,L1,7.3.16,25d_Hoff
117,chlorantraniliprole,mdr65ko,2,0.5,0,50,50,0,1,L1,7.3.16,25d_Hoff
118,chlorantraniliprole,mdr65ko,3,0.5,5,45,50,0,0.9,L1,7.3.16,25d_Hoff
119,chlorantraniliprole,mdr65ko,4,0.5,3,47,50,0,0.94,L1,7.3.16,25d_Hoff
120,chlorantraniliprole,mdr65ko,5,0.5,0,50,50,0,1,L1,7.3.16,25d_Hoff
141,chlorantraniliprole,wxac,1,0,44,6,50,0.88,0.12,L1,7.3.16,25d_Hoff
142,chlorantraniliprole,wxac,2,0,45,5,50,0.9,0.1,L1,7.3.16,25d_Hoff
143,chlorantraniliprole,wxac,3,0,47,3,50,0.94,0.06,L1,7.3.16,25d_Hoff
144,chlorantraniliprole,wxac,4,0,41,9,50,0.82,0.18,L1,7.3.16,25d_Hoff
145,chlorantraniliprole,wxac,5,0,48,2,50,0.96,0.04,L1,7.3.16,25d_Hoff
146,chlorantraniliprole,mdr49ko,1,0,39,11,50,0.78,0.22,L1,7.3.16,25d_Hoff
147,chlorantraniliprole,mdr49ko,2,0,41,9,50,0.82,0.18,L1,7.3.16,25d_Hoff
148,chlorantraniliprole,mdr49ko,3,0,43,7,50,0.86,0.14,L1,7.3.16,25d_Hoff
149,chlorantraniliprole,mdr49ko,4,0,42,8,50,0.84,0.16,L1,7.3.16,25d_Hoff
150,chlorantraniliprole,mdr49ko,5,0,32,18,50,0.64,0.36,L1,7.3.16,25d_Hoff
151,chlorantraniliprole,mdr50ko,1,0,43,7,50,0.86,0.14,L1,7.3.16,25d_Hoff
152,chlorantraniliprole,mdr50ko,2,0,44,6,50,0.88,0.12,L1,7.3.16,25d_Hoff
153,chlorantraniliprole,mdr50ko,3,0,44,6,50,0.88,0.12,L1,7.3.16,25d_Hoff
154,chlorantraniliprole,mdr50ko,4,0,41,9,50,0.82,0.18,L1,7.3.16,25d_Hoff
155,chlorantraniliprole,mdr50ko,5,0,40,10,50,0.8,0.2,L1,7.3.16,25d_Hoff
156,chlorantraniliprole,mdr65ko,1,0,45,5,50,0.9,0.1,L1,7.3.16,25d_Hoff
157,chlorantraniliprole,mdr65ko,2,0,40,10,50,0.8,0.2,L1,7.3.16,25d_Hoff
158,chlorantraniliprole,mdr65ko,3,0,40,10,50,0.8,0.2,L1,7.3.16,25d_Hoff
159,chlorantraniliprole,mdr65ko,4,0,42,8,50,0.84,0.16,L1,7.3.16,25d_Hoff
160,chlorantraniliprole,mdr65ko,5,0,41,9,50,0.82,0.18,L1,7.3.16,25d_Hoff
161,imidacloprid,wxac,1,0.05,40,10,50,0,0.2,L1,7.3.16,25d_Hoff
162,imidacloprid,wxac,2,0.05,37,13,50,0,0.26,L1,7.3.16,25d_Hoff
163,imidacloprid,wxac,3,0.05,43,7,50,0,0.14,L1,7.3.16,25d_Hoff
164,imidacloprid,wxac,4,0.05,36,14,50,0,0.28,L1,7.3.16,25d_Hoff
165,imidacloprid,wxac,5,0.05,42,8,50,0,0.16,L1,7.3.16,25d_Hoff
166,imidacloprid,mdr49ko,1,0.05,34,16,50,0,0.32,L1,7.3.16,25d_Hoff
167,imidacloprid,mdr49ko,2,0.05,35,15,50,0,0.3,L1,7.3.16,25d_Hoff
168,imidacloprid,mdr49ko,3,0.05,32,18,50,0,0.36,L1,7.3.16,25d_Hoff
169,imidacloprid,mdr49ko,4,0.05,37,13,50,0,0.26,L1,7.3.16,25d_Hoff
170,imidacloprid,mdr49ko,5,0.05,35,15,50,0,0.3,L1,7.3.16,25d_Hoff
171,imidacloprid,mdr50ko,1,0.05,29,21,50,0,0.42,L1,7.3.16,25d_Hoff
172,imidacloprid,mdr50ko,2,0.05,29,21,50,0,0.42,L1,7.3.16,25d_Hoff
173,imidacloprid,mdr50ko,3,0.05,34,16,50,0,0.32,L1,7.3.16,25d_Hoff
174,imidacloprid,mdr50ko,4,0.05,32,18,50,0,0.36,L1,7.3.16,25d_Hoff
175,imidacloprid,mdr50ko,5,0.05,26,24,50,0,0.48,L1,7.3.16,25d_Hoff
176,imidacloprid,mdr65ko,1,0.05,12,38,50,0,0.76,L1,7.3.16,25d_Hoff
177,imidacloprid,mdr65ko,2,0.05,16,34,50,0,0.68,L1,7.3.16,25d_Hoff
178,imidacloprid,mdr65ko,3,0.05,15,35,50,0,0.7,L1,7.3.16,25d_Hoff
179,imidacloprid,mdr65ko,4,0.05,28,22,50,0,0.44,L1,7.3.16,25d_Hoff
180,imidacloprid,mdr65ko,5,0.05,6,44,50,0,0.88,L1,7.3.16,25d_Hoff
181,imidacloprid,wxac,1,0.15,12,38,50,0,0.76,L1,7.3.16,25d_Hoff
182,imidacloprid,wxac,2,0.15,21,29,50,0,0.58,L1,7.3.16,25d_Hoff
183,imidacloprid,wxac,3,0.15,14,36,50,0,0.72,L1,7.3.16,25d_Hoff
184,imidacloprid,wxac,4,0.15,7,43,50,0,0.86,L1,7.3.16,25d_Hoff
185,imidacloprid,wxac,5,0.15,20,30,50,0,0.6,L1,7.3.16,25d_Hoff
186,imidacloprid,mdr49ko,1,0.15,3,47,50,0,0.94,L1,7.3.16,25d_Hoff
187,imidacloprid,mdr49ko,2,0.15,11,39,50,0,0.78,L1,7.3.16,25d_Hoff
188,imidacloprid,mdr49ko,3,0.15,13,37,50,0,0.74,L1,7.3.16,25d_Hoff
189,imidacloprid,mdr49ko,4,0.15,10,40,50,0,0.8,L1,7.3.16,25d_Hoff
190,imidacloprid,mdr49ko,5,0.15,9,41,50,0,0.82,L1,7.3.16,25d_Hoff
191,imidacloprid,mdr50ko,1,0.15,5,45,50,0,0.9,L1,7.3.16,25d_Hoff
192,imidacloprid,mdr50ko,2,0.15,6,44,50,0,0.88,L1,7.3.16,25d_Hoff
193,imidacloprid,mdr50ko,3,0.15,7,43,50,0,0.86,L1,7.3.16,25d_Hoff
194,imidacloprid,mdr50ko,4,0.15,6,44,50,0,0.88,L1,7.3.16,25d_Hoff
195,imidacloprid,mdr50ko,5,0.15,7,43,50,0,0.86,L1,7.3.16,25d_Hoff
196,imidacloprid,mdr65ko,1,0.15,1,49,50,0,0.98,L1,7.3.16,25d_Hoff
197,imidacloprid,mdr65ko,2,0.15,1,49,50,0,0.98,L1,7.3.16,25d_Hoff
198,imidacloprid,mdr65ko,3,0.15,0,50,50,0,1,L1,7.3.16,25d_Hoff
199,imidacloprid,mdr65ko,4,0.15,3,47,50,0,0.94,L1,7.3.16,25d_Hoff
200,imidacloprid,mdr65ko,5,0.15,1,49,50,0,0.98,L1,7.3.16,25d_Hoff
201,imidacloprid,wxac,1,0.25,10,40,50,0,0.8,L1,7.3.16,25d_Hoff
202,imidacloprid,wxac,2,0.25,9,41,50,0,0.82,L1,7.3.16,25d_Hoff
203,imidacloprid,wxac,3,0.25,11,39,50,0,0.78,L1,7.3.16,25d_Hoff
204,imidacloprid,wxac,4,0.25,7,43,50,0,0.86,L1,7.3.16,25d_Hoff
205,imidacloprid,wxac,5,0.25,12,38,50,0,0.76,L1,7.3.16,25d_Hoff
206,imidacloprid,mdr49ko,1,0.25,8,42,50,0,0.84,L1,7.3.16,25d_Hoff
207,imidacloprid,mdr49ko,2,0.25,6,44,50,0,0.88,L1,7.3.16,25d_Hoff
208,imidacloprid,mdr49ko,3,0.25,5,45,50,0,0.9,L1,7.3.16,25d_Hoff
209,imidacloprid,mdr49ko,4,0.25,6,44,50,0,0.88,L1,7.3.16,25d_Hoff
210,imidacloprid,mdr49ko,5,0.25,5,45,50,0,0.9,L1,7.3.16,25d_Hoff
211,imidacloprid,mdr50ko,1,0.25,3,47,50,0,0.94,L1,7.3.16,25d_Hoff
212,imidacloprid,mdr50ko,2,0.25,2,48,50,0,0.96,L1,7.3.16,25d_Hoff
213,imidacloprid,mdr50ko,3,0.25,2,48,50,0,0.96,L1,7.3.16,25d_Hoff
214,imidacloprid,mdr50ko,4,0.25,0,50,50,0,1,L1,7.3.16,25d_Hoff
215,imidacloprid,mdr50ko,5,0.25,0,50,50,0,1,L1,7.3.16,25d_Hoff
216,imidacloprid,mdr65ko,1,0.25,0,50,50,0,1,L1,7.3.16,25d_Hoff
217,imidacloprid,mdr65ko,2,0.25,0,50,50,0,1,L1,7.3.16,25d_Hoff
218,imidacloprid,mdr65ko,3,0.25,0,50,50,0,1,L1,7.3.16,25d_Hoff
219,imidacloprid,mdr65ko,4,0.25,0,50,50,0,1,L1,7.3.16,25d_Hoff
220,imidacloprid,mdr65ko,5,0.25,0,50,50,0,1,L1,7.3.16,25d_Hoff
221,imidacloprid,wxac,1,0,44,6,50,0.88,0.12,L1,7.3.16,25d_Hoff
222,imidacloprid,wxac,2,0,45,5,50,0.9,0.1,L1,7.3.16,25d_Hoff
223,imidacloprid,wxac,3,0,47,3,50,0.94,0.06,L1,7.3.16,25d_Hoff
224,imidacloprid,wxac,4,0,41,9,50,0.82,0.18,L1,7.3.16,25d_Hoff
225,imidacloprid,wxac,5,0,48,2,50,0.96,0.04,L1,7.3.16,25d_Hoff
226,imidacloprid,mdr49ko,1,0,39,11,50,0.78,0.22,L1,7.3.16,25d_Hoff
227,imidacloprid,mdr49ko,2,0,41,9,50,0.82,0.18,L1,7.3.16,25d_Hoff
228,imidacloprid,mdr49ko,3,0,43,7,50,0.86,0.14,L1,7.3.16,25d_Hoff
229,imidacloprid,mdr49ko,4,0,42,8,50,0.84,0.16,L1,7.3.16,25d_Hoff
230,imidacloprid,mdr49ko,5,0,32,18,50,0.64,0.36,L1,7.3.16,25d_Hoff
231,imidacloprid,mdr50ko,1,0,43,7,50,0.86,0.14,L1,7.3.16,25d_Hoff
232,imidacloprid,mdr50ko,2,0,44,6,50,0.88,0.12,L1,7.3.16,25d_Hoff
233,imidacloprid,mdr50ko,3,0,44,6,50,0.88,0.12,L1,7.3.16,25d_Hoff
234,imidacloprid,mdr50ko,4,0,41,9,50,0.82,0.18,L1,7.3.16,25d_Hoff
235,imidacloprid,mdr50ko,5,0,40,10,50,0.8,0.2,L1,7.3.16,25d_Hoff
236,imidacloprid,mdr65ko,1,0,45,5,50,0.9,0.1,L1,7.3.16,25d_Hoff
237,imidacloprid,mdr65ko,2,0,40,10,50,0.8,0.2,L1,7.3.16,25d_Hoff
238,imidacloprid,mdr65ko,3,0,40,10,50,0.8,0.2,L1,7.3.16,25d_Hoff
239,imidacloprid,mdr65ko,4,0,42,8,50,0.84,0.16,L1,7.3.16,25d_Hoff
240,imidacloprid,mdr65ko,5,0,41,9,50,0.82,0.18,L1,7.3.16,25d_Hoff
561,ivermectin,wxac,1,0.015,33,17,50,0.66,0.34,L1,7.3.16,25d_Hoff
562,ivermectin,wxac,2,0.015,34,16,50,0.68,0.32,L1,7.3.16,25d_Hoff
563,ivermectin,wxac,3,0.015,22,28,50,0.44,0.56,L1,7.3.16,25d_Hoff
564,ivermectin,wxac,4,0.015,24,26,50,0.48,0.52,L1,7.3.16,25d_Hoff
565,ivermectin,wxac,5,0.015,23,27,50,0.46,0.54,L1,7.3.16,25d_Hoff
566,ivermectin,mdr49ko,1,0.015,38,12,50,0.76,0.24,L1,7.3.16,25d_Hoff
567,ivermectin,mdr49ko,2,0.015,33,17,50,0.66,0.34,L1,7.3.16,25d_Hoff
568,ivermectin,mdr49ko,3,0.015,37,13,50,0.74,0.26,L1,7.3.16,25d_Hoff
569,ivermectin,mdr49ko,4,0.015,33,17,50,0.66,0.34,L1,7.3.16,25d_Hoff
570,ivermectin,mdr49ko,5,0.015,44,6,50,0.88,0.12,L1,7.3.16,25d_Hoff
571,ivermectin,mdr50ko,1,0.015,36,14,50,0.72,0.28,L1,7.3.16,25d_Hoff
572,ivermectin,mdr50ko,2,0.015,32,18,50,0.64,0.36,L1,7.3.16,25d_Hoff
573,ivermectin,mdr50ko,3,0.015,35,15,50,0.7,0.3,L1,7.3.16,25d_Hoff
574,ivermectin,mdr50ko,4,0.015,32,18,50,0.64,0.36,L1,7.3.16,25d_Hoff
575,ivermectin,mdr50ko,5,0.015,30,20,50,0.6,0.4,L1,7.3.16,25d_Hoff
576,ivermectin,mdr65ko,1,0.015,17,33,50,0.34,0.66,L1,7.3.16,25d_Hoff
577,ivermectin,mdr65ko,2,0.015,17,33,50,0.34,0.66,L1,7.3.16,25d_Hoff
578,ivermectin,mdr65ko,3,0.015,20,30,50,0.4,0.6,L1,7.3.16,25d_Hoff
579,ivermectin,mdr65ko,4,0.015,12,38,50,0.24,0.76,L1,7.3.16,25d_Hoff
580,ivermectin,mdr65ko,5,0.015,18,32,50,0.36,0.64,L1,7.3.16,25d_Hoff
601,ivermectin,wxac,1,0.04,6,44,50,0.12,0.88,L1,7.3.16,25d_Hoff
602,ivermectin,wxac,2,0.04,4,46,50,0.08,0.92,L1,7.3.16,25d_Hoff
603,ivermectin,wxac,3,0.04,3,47,50,0.06,0.94,L1,7.3.16,25d_Hoff
604,ivermectin,wxac,4,0.04,2,48,50,0.04,0.96,L1,7.3.16,25d_Hoff
605,ivermectin,wxac,5,0.04,1,49,50,0.02,0.98,L1,7.3.16,25d_Hoff
606,ivermectin,mdr49ko,1,0.04,9,41,50,0.18,0.82,L1,7.3.16,25d_Hoff
607,ivermectin,mdr49ko,2,0.04,13,37,50,0.26,0.74,L1,7.3.16,25d_Hoff
608,ivermectin,mdr49ko,3,0.04,7,43,50,0.14,0.86,L1,7.3.16,25d_Hoff
609,ivermectin,mdr49ko,4,0.04,15,35,50,0.3,0.7,L1,7.3.16,25d_Hoff
610,ivermectin,mdr49ko,5,0.04,9,41,50,0.18,0.82,L1,7.3.16,25d_Hoff
611,ivermectin,mdr50ko,1,0.04,2,48,50,0.04,0.96,L1,7.3.16,25d_Hoff
612,ivermectin,mdr50ko,2,0.04,5,45,50,0.1,0.9,L1,7.3.16,25d_Hoff
613,ivermectin,mdr50ko,3,0.04,5,45,50,0.1,0.9,L1,7.3.16,25d_Hoff
614,ivermectin,mdr50ko,4,0.04,2,48,50,0.04,0.96,L1,7.3.16,25d_Hoff
615,ivermectin,mdr50ko,5,0.04,2,48,50,0.04,0.96,L1,7.3.16,25d_Hoff
616,ivermectin,mdr65ko,1,0.04,5,45,50,0.1,0.9,L1,7.3.16,25d_Hoff
617,ivermectin,mdr65ko,2,0.04,5,45,50,0.1,0.9,L1,7.3.16,25d_Hoff
618,ivermectin,mdr65ko,3,0.04,8,42,50,0.16,0.84,L1,7.3.16,25d_Hoff
619,ivermectin,mdr65ko,4,0.04,5,45,50,0.1,0.9,L1,7.3.16,25d_Hoff
620,ivermectin,mdr65ko,5,0.04,6,44,50,0.12,0.88,L1,7.3.16,25d_Hoff
621,ivermectin,wxac,1,0,41,9,50,0.82,0.18,L1,7.3.16,25d_Hoff
622,ivermectin,wxac,2,0,42,8,50,0.84,0.16,L1,7.3.16,25d_Hoff
623,ivermectin,wxac,3,0,40,10,50,0.8,0.2,L1,7.3.16,25d_Hoff
624,ivermectin,wxac,4,0,39,11,50,0.78,0.22,L1,7.3.16,25d_Hoff
625,ivermectin,wxac,5,0,46,4,50,0.92,0.08,L1,7.3.16,25d_Hoff
626,ivermectin,mdr49ko,1,0,36,14,50,0.72,0.28,L1,7.3.16,25d_Hoff
627,ivermectin,mdr49ko,2,0,39,11,50,0.78,0.22,L1,7.3.16,25d_Hoff
628,ivermectin,mdr49ko,3,0,39,11,50,0.78,0.22,L1,7.3.16,25d_Hoff
629,ivermectin,mdr49ko,4,0,43,7,50,0.86,0.14,L1,7.3.16,25d_Hoff
630,ivermectin,mdr49ko,5,0,40,10,50,0.8,0.2,L1,7.3.16,25d_Hoff
631,ivermectin,mdr50ko,1,0,41,9,50,0.82,0.18,L1,7.3.16,25d_Hoff
632,ivermectin,mdr50ko,2,0,45,5,50,0.9,0.1,L1,7.3.16,25d_Hoff
633,ivermectin,mdr50ko,3,0,45,5,50,0.9,0.1,L1,7.3.16,25d_Hoff
634,ivermectin,mdr50ko,4,0,44,6,50,0.88,0.12,L1,7.3.16,25d_Hoff
635,ivermectin,mdr50ko,5,0,46,4,50,0.92,0.08,L1,7.3.16,25d_Hoff
636,ivermectin,mdr65ko,1,0,41,9,50,0.82,0.18,L1,7.3.16,25d_Hoff
637,ivermectin,mdr65ko,2,0,41,9,50,0.82,0.18,L1,7.3.16,25d_Hoff
638,ivermectin,mdr65ko,3,0,42,8,50,0.84,0.16,L1,7.3.16,25d_Hoff
639,ivermectin,mdr65ko,4,0,45,5,50,0.9,0.1,L1,7.3.16,25d_Hoff
640,ivermectin,mdr65ko,5,0,45,5,50,0.9,0.1,L1,7.3.16,25d_Hoff
641,spinosad,wxac,1,0.02,47,3,50,0.94,0.06,L1,14.3.17,25d_hoff
642,spinosad,wxac,2,0.02,47,3,50,0.94,0.06,L1,14.3.17,25d_hoff
643,spinosad,wxac,3,0.02,41,9,50,0.82,0.18,L1,14.3.17,25d_hoff
644,spinosad,wxac,4,0.02,43,7,50,0.86,0.14,L1,14.3.17,25d_hoff
645,spinosad,wxac,5,0.02,45,5,50,0.9,0.1,L1,14.3.17,25d_hoff
646,spinosad,mdr49ko,1,0.02,38,12,50,0.76,0.24,L1,14.3.17,25d_hoff
647,spinosad,mdr49ko,2,0.02,42,8,50,0.84,0.16,L1,14.3.17,25d_hoff
648,spinosad,mdr49ko,3,0.02,40,10,50,0.8,0.2,L1,14.3.17,25d_hoff
649,spinosad,mdr49ko,4,0.02,35,15,50,0.7,0.3,L1,14.3.17,25d_hoff
650,spinosad,mdr49ko,5,0.02,39,11,50,0.78,0.22,L1,14.3.17,25d_hoff
651,spinosad,mdr50ko,1,0.02,42,8,50,0.84,0.16,L1,14.3.17,25d_hoff
652,spinosad,mdr50ko,2,0.02,45,5,50,0.9,0.1,L1,14.3.17,25d_hoff
653,spinosad,mdr50ko,3,0.02,38,12,50,0.76,0.24,L1,14.3.17,25d_hoff
654,spinosad,mdr50ko,4,0.02,45,5,50,0.9,0.1,L1,14.3.17,25d_hoff
655,spinosad,mdr50ko,5,0.02,40,10,50,0.8,0.2,L1,14.3.17,25d_hoff
656,spinosad,mdr65ko,1,0.02,0,50,50,0,1,L1,14.3.17,25d_hoff
657,spinosad,mdr65ko,2,0.02,3,47,50,0.06,0.94,L1,14.3.17,25d_hoff
658,spinosad,mdr65ko,3,0.02,2,48,50,0.04,0.96,L1,14.3.17,25d_hoff
659,spinosad,mdr65ko,4,0.02,2,48,50,0.04,0.96,L1,14.3.17,25d_hoff
660,spinosad,mdr65ko,5,0.02,0,50,50,0,1,L1,14.3.17,25d_hoff
661,spinosad,wxac,1,0.05,25,25,50,0.5,0.5,L1,14.3.17,25d_hoff
662,spinosad,wxac,2,0.05,20,30,50,0.4,0.6,L1,14.3.17,25d_hoff
663,spinosad,wxac,3,0.05,12,38,50,0.24,0.76,L1,14.3.17,25d_hoff
664,spinosad,wxac,4,0.05,14,36,50,0.28,0.72,L1,14.3.17,25d_hoff
665,spinosad,wxac,5,0.05,17,33,50,0.34,0.66,L1,14.3.17,25d_hoff
666,spinosad,mdr49ko,1,0.05,33,17,50,0.66,0.34,L1,14.3.17,25d_hoff
667,spinosad,mdr49ko,2,0.05,37,13,50,0.74,0.26,L1,14.3.17,25d_hoff
668,spinosad,mdr49ko,3,0.05,35,15,50,0.7,0.3,L1,14.3.17,25d_hoff
669,spinosad,mdr49ko,4,0.05,40,10,50,0.8,0.2,L1,14.3.17,25d_hoff
670,spinosad,mdr49ko,5,0.05,44,6,50,0.88,0.12,L1,14.3.17,25d_hoff
671,spinosad,mdr50ko,1,0.05,37,13,50,0.74,0.26,L1,14.3.17,25d_hoff
672,spinosad,mdr50ko,2,0.05,38,12,50,0.76,0.24,L1,14.3.17,25d_hoff
673,spinosad,mdr50ko,3,0.05,24,26,50,0.48,0.52,L1,14.3.17,25d_hoff
674,spinosad,mdr50ko,4,0.05,34,16,50,0.68,0.32,L1,14.3.17,25d_hoff
675,spinosad,mdr50ko,5,0.05,35,15,50,0.7,0.3,L1,14.3.17,25d_hoff
676,spinosad,mdr65ko,1,0.05,0,50,50,0,1,L1,14.3.17,25d_hoff
677,spinosad,mdr65ko,2,0.05,0,50,50,0,1,L1,14.3.17,25d_hoff
678,spinosad,mdr65ko,3,0.05,0,50,50,0,1,L1,14.3.17,25d_hoff
679,spinosad,mdr65ko,4,0.05,0,50,50,0,1,L1,14.3.17,25d_hoff
680,spinosad,mdr65ko,5,0.05,0,50,50,0,1,L1,14.3.17,25d_hoff
681,spinosad,wxac,1,0.1,0,50,50,0,1,L1,14.3.17,25d_hoff
682,spinosad,wxac,2,0.1,0,50,50,0,1,L1,14.3.17,25d_hoff
683,spinosad,wxac,3,0.1,0,50,50,0,1,L1,14.3.17,25d_hoff
684,spinosad,wxac,4,0.1,0,50,50,0,1,L1,14.3.17,25d_hoff
685,spinosad,wxac,5,0.1,0,50,50,0,1,L1,14.3.17,25d_hoff
686,spinosad,mdr49ko,1,0.1,10,40,50,0.2,0.8,L1,14.3.17,25d_hoff
687,spinosad,mdr49ko,2,0.1,17,33,50,0.34,0.66,L1,14.3.17,25d_hoff
688,spinosad,mdr49ko,3,0.1,25,25,50,0.5,0.5,L1,14.3.17,25d_hoff
689,spinosad,mdr49ko,4,0.1,22,28,50,0.44,0.56,L1,14.3.17,25d_hoff
690,spinosad,mdr49ko,5,0.1,16,34,50,0.32,0.68,L1,14.3.17,25d_hoff
691,spinosad,mdr50ko,1,0.1,1,49,50,0.02,0.98,L1,14.3.17,25d_hoff
692,spinosad,mdr50ko,2,0.1,0,50,50,0,1,L1,14.3.17,25d_hoff
693,spinosad,mdr50ko,3,0.1,2,48,50,0.04,0.96,L1,14.3.17,25d_hoff
694,spinosad,mdr50ko,4,0.1,2,48,50,0.04,0.96,L1,14.3.17,25d_hoff
695,spinosad,mdr50ko,5,0.1,0,50,50,0,1,L1,14.3.17,25d_hoff
696,spinosad,mdr65ko,1,0.1,0,50,50,0,1,L1,14.3.17,25d_hoff
697,spinosad,mdr65ko,2,0.1,0,50,50,0,1,L1,14.3.17,25d_hoff
698,spinosad,mdr65ko,3,0.1,0,50,50,0,1,L1,14.3.17,25d_hoff
699,spinosad,mdr65ko,4,0.1,0,50,50,0,1,L1,14.3.17,25d_hoff
700,spinosad,mdr65ko,5,0.1,0,50,50,0,1,L1,14.3.17,25d_hoff
701,spinosad,wxac,1,0,49,1,50,0.98,0.02,L1,14.3.17,25d_hoff
702,spinosad,wxac,2,0,43,7,50,0.86,0.14,L1,14.3.17,25d_hoff
703,spinosad,wxac,3,0,44,6,50,0.88,0.12,L1,14.3.17,25d_hoff
704,spinosad,wxac,4,0,42,8,50,0.84,0.16,L1,14.3.17,25d_hoff
705,spinosad,wxac,5,0,46,4,50,0.92,0.08,L1,14.3.17,25d_hoff
706,spinosad,mdr49ko,1,0,45,5,50,0.9,0.1,L1,14.3.17,25d_hoff
707,spinosad,mdr49ko,2,0,34,16,50,0.68,0.32,L1,14.3.17,25d_hoff
708,spinosad,mdr49ko,3,0,45,5,50,0.9,0.1,L1,14.3.17,25d_hoff
709,spinosad,mdr49ko,4,0,40,10,50,0.8,0.2,L1,14.3.17,25d_hoff
710,spinosad,mdr49ko,5,0,41,9,50,0.82,0.18,L1,14.3.17,25d_hoff
711,spinosad,mdr50ko,1,0,41,9,50,0.82,0.18,L1,14.3.17,25d_hoff
712,spinosad,mdr50ko,2,0,42,8,50,0.84,0.16,L1,14.3.17,25d_hoff
713,spinosad,mdr50ko,3,0,43,7,50,0.86,0.14,L1,14.3.17,25d_hoff
714,spinosad,mdr50ko,4,0,42,8,50,0.84,0.16,L1,14.3.17,25d_hoff
715,spinosad,mdr50ko,5,0,46,4,50,0.92,0.08,L1,14.3.17,25d_hoff
716,spinosad,mdr65ko,1,0,41,9,50,0.82,0.18,L1,14.3.17,25d_hoff
717,spinosad,mdr65ko,2,0,42,8,50,0.84,0.16,L1,14.3.17,25d_hoff
718,spinosad,mdr65ko,3,0,44,6,50,0.88,0.12,L1,14.3.17,25d_hoff
719,spinosad,mdr65ko,4,0,44,6,50,0.88,0.12,L1,14.3.17,25d_hoff
720,spinosad,mdr65ko,5,0,41,9,50,0.82,0.18,L1,14.3.17,25d_hoff
721,ethanol,wxac,1,0,45,5,50,0.9,0.1,L1,14.3.17,25d_hoff
722,ethanol,wxac,2,0,49,1,50,0.98,0.02,L1,14.3.17,25d_hoff
723,ethanol,wxac,3,0,46,4,50,0.92,0.08,L1,14.3.17,25d_hoff
724,ethanol,wxac,4,0,44,6,50,0.88,0.12,L1,14.3.17,25d_hoff
725,ethanol,wxac,5,0,48,2,50,0.96,0.04,L1,14.3.17,25d_hoff
726,ethanol,mdr49ko,1,0,34,16,50,0.68,0.32,L1,14.3.17,25d_hoff
727,ethanol,mdr49ko,2,0,42,8,50,0.84,0.16,L1,14.3.17,25d_hoff
728,ethanol,mdr49ko,3,0,44,6,50,0.88,0.12,L1,14.3.17,25d_hoff
729,ethanol,mdr49ko,4,0,42,8,50,0.84,0.16,L1,14.3.17,25d_hoff
730,ethanol,mdr49ko,5,0,37,13,50,0.74,0.26,L1,14.3.17,25d_hoff
731,ethanol,mdr50ko,1,0,44,6,50,0.88,0.12,L1,14.3.17,25d_hoff
732,ethanol,mdr50ko,2,0,50,0,50,1,0,L1,14.3.17,25d_hoff
733,ethanol,mdr50ko,3,0,42,8,50,0.84,0.16,L1,14.3.17,25d_hoff
734,ethanol,mdr50ko,4,0,40,10,50,0.8,0.2,L1,14.3.17,25d_hoff
735,ethanol,mdr50ko,5,0,44,6,50,0.88,0.12,L1,14.3.17,25d_hoff
736,ethanol,mdr65ko,1,0,47,3,50,0.94,0.06,L1,14.3.17,25d_hoff
737,ethanol,mdr65ko,2,0,44,6,50,0.88,0.12,L1,14.3.17,25d_hoff
738,ethanol,mdr65ko,3,0,47,3,50,0.94,0.06,L1,14.3.17,25d_hoff
739,ethanol,mdr65ko,4,0,47,3,50,0.94,0.06,L1,14.3.17,25d_hoff
740,ethanol,mdr65ko,5,0,48,2,50,0.96,0.04,L1,14.3.17,25d_hoff
741,pyriprole,wxac,1,0.1,46,4,50,0.92,0.08,L1,14.3.17,25d_hoff
742,pyriprole,wxac,2,0.1,42,8,50,0.84,0.16,L1,14.3.17,25d_hoff
743,pyriprole,wxac,3,0.1,47,3,50,0.94,0.06,L1,14.3.17,25d_hoff
744,pyriprole,wxac,4,0.1,47,3,50,0.94,0.06,L1,14.3.17,25d_hoff
745,pyriprole,wxac,5,0.1,45,5,50,0.9,0.1,L1,14.3.17,25d_hoff
746,pyriprole,mdr49ko,1,0.1,33,17,50,0.66,0.34,L1,14.3.17,25d_hoff
747,pyriprole,mdr49ko,2,0.1,36,14,50,0.72,0.28,L1,14.3.17,25d_hoff
748,pyriprole,mdr49ko,3,0.1,44,6,50,0.88,0.12,L1,14.3.17,25d_hoff
749,pyriprole,mdr49ko,4,0.1,38,12,50,0.76,0.24,L1,14.3.17,25d_hoff
750,pyriprole,mdr49ko,5,0.1,33,17,50,0.66,0.34,L1,14.3.17,25d_hoff
751,pyriprole,mdr50ko,1,0.1,46,4,50,0.92,0.08,L1,14.3.17,25d_hoff
752,pyriprole,mdr50ko,2,0.1,42,8,50,0.84,0.16,L1,14.3.17,25d_hoff
753,pyriprole,mdr50ko,3,0.1,42,8,50,0.84,0.16,L1,14.3.17,25d_hoff
754,pyriprole,mdr50ko,4,0.1,41,9,50,0.82,0.18,L1,14.3.17,25d_hoff
755,pyriprole,mdr50ko,5,0.1,49,1,50,0.98,0.02,L1,14.3.17,25d_hoff
756,pyriprole,mdr65ko,1,0.1,1,49,50,0.02,0.98,L1,14.3.17,25d_hoff
757,pyriprole,mdr65ko,2,0.1,2,48,50,0.04,0.96,L1,14.3.17,25d_hoff
758,pyriprole,mdr65ko,3,0.1,1,49,50,0.02,0.98,L1,14.3.17,25d_hoff
759,pyriprole,mdr65ko,4,0.1,1,49,50,0.02,0.98,L1,14.3.17,25d_hoff
760,pyriprole,mdr65ko,5,0.1,1,49,50,0.02,0.98,L1,14.3.17,25d_hoff
761,pyriprole,wxac,1,0.3,39,11,50,0.78,0.22,L1,14.3.17,25d_hoff
762,pyriprole,wxac,2,0.3,38,12,50,0.76,0.24,L1,14.3.17,25d_hoff
763,pyriprole,wxac,3,0.3,42,8,50,0.84,0.16,L1,14.3.17,25d_hoff
764,pyriprole,wxac,4,0.3,38,12,50,0.76,0.24,L1,14.3.17,25d_hoff
765,pyriprole,wxac,5,0.3,43,7,50,0.86,0.14,L1,14.3.17,25d_hoff
766,pyriprole,mdr49ko,1,0.3,19,31,50,0.38,0.62,L1,14.3.17,25d_hoff
767,pyriprole,mdr49ko,2,0.3,16,34,50,0.32,0.68,L1,14.3.17,25d_hoff
768,pyriprole,mdr49ko,3,0.3,19,31,50,0.38,0.62,L1,14.3.17,25d_hoff
769,pyriprole,mdr49ko,4,0.3,28,22,50,0.56,0.44,L1,14.3.17,25d_hoff
770,pyriprole,mdr49ko,5,0.3,21,29,50,0.42,0.58,L1,14.3.17,25d_hoff
771,pyriprole,mdr50ko,1,0.3,37,13,50,0.74,0.26,L1,14.3.17,25d_hoff
772,pyriprole,mdr50ko,2,0.3,37,13,50,0.74,0.26,L1,14.3.17,25d_hoff
773,pyriprole,mdr50ko,3,0.3,33,17,50,0.66,0.34,L1,14.3.17,25d_hoff
774,pyriprole,mdr50ko,4,0.3,32,18,50,0.64,0.36,L1,14.3.17,25d_hoff
775,pyriprole,mdr50ko,5,0.3,35,15,50,0.7,0.3,L1,14.3.17,25d_hoff
776,pyriprole,mdr65ko,1,0.3,0,50,50,0,1,L1,14.3.17,25d_hoff
777,pyriprole,mdr65ko,2,0.3,0,50,50,0,1,L1,14.3.17,25d_hoff
778,pyriprole,mdr65ko,3,0.3,0,50,50,0,1,L1,14.3.17,25d_hoff
779,pyriprole,mdr65ko,4,0.3,0,50,50,0,1,L1,14.3.17,25d_hoff
780,pyriprole,mdr65ko,5,0.3,0,50,50,0,1,L1,14.3.17,25d_hoff
781,pyriprole,wxac,1,0.5,26,24,50,0.52,0.48,L1,14.3.17,25d_hoff
782,pyriprole,wxac,2,0.5,26,24,50,0.52,0.48,L1,14.3.17,25d_hoff
783,pyriprole,wxac,3,0.5,25,25,50,0.5,0.5,L1,14.3.17,25d_hoff
784,pyriprole,wxac,4,0.5,18,32,50,0.36,0.64,L1,14.3.17,25d_hoff
785,pyriprole,wxac,5,0.5,26,24,50,0.52,0.48,L1,14.3.17,25d_hoff
786,pyriprole,mdr49ko,1,0.5,1,49,50,0.02,0.98,L1,14.3.17,25d_hoff
787,pyriprole,mdr49ko,2,0.5,0,50,50,0,1,L1,14.3.17,25d_hoff
788,pyriprole,mdr49ko,3,0.5,0,50,50,0,1,L1,14.3.17,25d_hoff
789,pyriprole,mdr49ko,4,0.5,0,50,50,0,1,L1,14.3.17,25d_hoff
790,pyriprole,mdr49ko,5,0.5,7,43,50,0.14,0.86,L1,14.3.17,25d_hoff
791,pyriprole,mdr50ko,1,0.5,7,43,50,0.14,0.86,L1,14.3.17,25d_hoff
792,pyriprole,mdr50ko,2,0.5,9,41,50,0.18,0.82,L1,14.3.17,25d_hoff
793,pyriprole,mdr50ko,3,0.5,11,39,50,0.22,0.78,L1,14.3.17,25d_hoff
794,pyriprole,mdr50ko,4,0.5,9,41,50,0.18,0.82,L1,14.3.17,25d_hoff
795,pyriprole,mdr50ko,5,0.5,12,38,50,0.24,0.76,L1,14.3.17,25d_hoff
796,pyriprole,mdr65ko,1,0.5,0,50,50,0,1,L1,14.3.17,25d_hoff
797,pyriprole,mdr65ko,2,0.5,0,50,50,0,1,L1,14.3.17,25d_hoff
798,pyriprole,mdr65ko,3,0.5,0,50,50,0,1,L1,14.3.17,25d_hoff
799,pyriprole,mdr65ko,4,0.5,0,50,50,0,1,L1,14.3.17,25d_hoff
800,pyriprole,mdr65ko,5,0.5,0,50,50,0,1,L1,14.3.17,25d_hoff
801,pyriprole,wxac,1,0,45,5,50,0.9,0.1,L1,14.3.17,25d_hoff
802,pyriprole,wxac,2,0,49,1,50,0.98,0.02,L1,14.3.17,25d_hoff
803,pyriprole,wxac,3,0,46,4,50,0.92,0.08,L1,14.3.17,25d_hoff
804,pyriprole,wxac,4,0,44,6,50,0.88,0.12,L1,14.3.17,25d_hoff
805,pyriprole,wxac,5,0,48,2,50,0.96,0.04,L1,14.3.17,25d_hoff
806,pyriprole,mdr49ko,1,0,34,16,50,0.68,0.32,L1,14.3.17,25d_hoff
807,pyriprole,mdr49ko,2,0,42,8,50,0.84,0.16,L1,14.3.17,25d_hoff
808,pyriprole,mdr49ko,3,0,44,6,50,0.88,0.12,L1,14.3.17,25d_hoff
809,pyriprole,mdr49ko,4,0,42,8,50,0.84,0.16,L1,14.3.17,25d_hoff
810,pyriprole,mdr49ko,5,0,37,13,50,0.74,0.26,L1,14.3.17,25d_hoff
811,pyriprole,mdr50ko,1,0,44,6,50,0.88,0.12,L1,14.3.17,25d_hoff
812,pyriprole,mdr50ko,2,0,50,0,50,1,0,L1,14.3.17,25d_hoff
813,pyriprole,mdr50ko,3,0,42,8,50,0.84,0.16,L1,14.3.17,25d_hoff
814,pyriprole,mdr50ko,4,0,40,10,50,0.8,0.2,L1,14.3.17,25d_hoff
815,pyriprole,mdr50ko,5,0,44,6,50,0.88,0.12,L1,14.3.17,25d_hoff
816,pyriprole,mdr65ko,1,0,47,3,50,0.94,0.06,L1,14.3.17,25d_hoff
817,pyriprole,mdr65ko,2,0,44,6,50,0.88,0.12,L1,14.3.17,25d_hoff
818,pyriprole,mdr65ko,3,0,47,3,50,0.94,0.06,L1,14.3.17,25d_hoff
819,pyriprole,mdr65ko,4,0,47,3,50,0.94,0.06,L1,14.3.17,25d_hoff
820,pyriprole,mdr65ko,5,0,48,2,50,0.96,0.04,L1,14.3.17,25d_hoff
